{
	"pages": [ //pages数组中第一项表示应用启动页，参考：https://uniapp.dcloud.io/collocation/pages
		{
			"path": "pages/login/login",
			"style": {
				"navigationBarTitleText": "本城商铺",
				"navigationBarBackgroundColor": "#fff"
			}
		}, {
			"path": "pages/index/index",
			"style": {
				"navigationBarTitleText": "商家首页",
				"navigationBarBackgroundColor": "#ffc528"
			}
		}, {
			"path": "pages/Coupon/Coupon",
			"style": {
				"navigationBarTitleText": "本城商铺",
				"navigationBarBackgroundColor": "#fff"
			}
		}, {
			"path": "pages/Orders/Orders",
			"style": {
				"navigationBarTitleText": "本城商铺",
				"navigationBarBackgroundColor": "#fff"
			}
		}, {
			"path": "pages/Orderstate/Orderstate",
			"style": {
				"navigationBarTitleText": "本城商铺",
				"navigationBarBackgroundColor": "#fff"
			}
		}, {
			"path": "pages/orderDeliver/orderDeliver",
			"style": {
				"navigationBarTitleText": "本城商铺",
				"navigationBarBackgroundColor": "#fff"
			}
		}, {
			"path": "pages/Confirmation/Confirmation",
			"style": {
				"navigationBarTitleText": "本城商铺",
				"navigationBarBackgroundColor": "#fff"
			}
		}, {
			"path": "pages/Preferential/Preferential",
			"style": {
				"navigationBarTitleText": "本城商铺",
				"navigationBarBackgroundColor": "#fff"
			}
		}, {
			"path": "pages/addpreferential/addpreferential",
			"style": {
				"navigationBarTitleText": "本城商铺",
				"navigationBarBackgroundColor": "#fff"
			}
		}, {
			"path": "pages/business/business",
			"style": {
				"navigationBarTitleText": "本城商铺",
				"navigationBarBackgroundColor": "#ffc528"
			}
		}, {
			"path": "pages/management/management",
			"style": {
				"navigationBarTitleText": "本城商铺",
				"navigationBarBackgroundColor": "#fff"
			}
		}, {
			"path": "pages/Classified/Classified",
			"style": {
				"navigationBarTitleText": "本城商铺",
				"navigationBarBackgroundColor": "#fff"
			}
		}, {
			"path": "pages/commodities/commodities",
			"style": {
				"navigationBarTitleText": "本城商铺",
				"navigationBarBackgroundColor": "#ffc528"
			}
		}, {
			"path": "pages/comdetails/comdetails",
			"style": {
				"navigationBarTitleText": "本城商铺",
				"navigationBarBackgroundColor": "#fff"
			}
		}, {
			"path": "pages/Modifying/Modifying",
			"style": {
				"navigationBarTitleText": "本城商铺",
				"navigationBarBackgroundColor": "#ffc528"
			}
		}
	    ,{
            "path" : "pages/shophome/shophome",
            "style" : {
				"navigationStyle":"custom"
			}
        }
        ,{
            "path" : "pages/shopclass/shopclass",
            "style" : {
				"navigationBarTitleText": "本城商铺",
				"navigationBarBackgroundColor": "#ffffff"
			}
        }
        ,{
            "path" : "pages/shopchar/shopchar",
            "style" : {
				"navigationBarTitleText": "本城商铺",
				"navigationBarBackgroundColor": "#ffffff"
			}
        }
        ,{
            "path" : "pages/shopmain/shopmain",
            "style" : {
				"navigationBarTitleText": "本城商铺",
				"navigationBarBackgroundColor": "#ffc528"
			}
        }
        ,{
            "path" : "pages/Seckill/Seckill",
            "style" : {
				"navigationStyle":"custom"
			}
        }
        ,{
            "path" : "pages/Seckillxq/Seckillxq",
            "style" : {
				"navigationStyle":"custom"
			}
        }
        ,{
            "path" : "pages/Spelllist/Spelllist",
            "style" : {
				"navigationStyle":"custom"
			}
        }
        ,{
            "path" : "pages/Spelllistxq/Spelllistxq",
            "style" : {
				"navigationStyle":"custom"
			}
        }
        ,{
            "path" : "pages/Search/Search",
            "style" : {
				"navigationStyle":"custom"
			}
        }
        ,{
            "path" : "pages/searchResult/searchResult",
            "style" : {
				"navigationStyle":"custom"
			}
        }
        ,{
            "path" : "pages/Locationselection/Locationselection",
            "style" : {
				"navigationStyle":"custom"
			}
        }
        ,{
            "path" : "pages/shopNews/shopNews",
            "style" : {
				"navigationStyle":"custom"
			}
        }
        ,{
            "path" : "pages/Customer/Customer",
            "style" : {
				"navigationStyle":"custom"
			}
        }
        ,{
            "path" : "pages/account/account",
            "style" : {
				"navigationStyle":"custom"
			}
        }
        ,{
            "path" : "pages/Changeties/Changeties",
            "style" : {
				"navigationStyle":"custom"
			}
        }
        ,{
            "path" : "pages/newChangeties/newChangeties",
            "style" : {
				"navigationStyle":"custom"
			}
        }
        ,{
            "path" : "pages/aboutcity/aboutcity",
            "style" : {
				"navigationStyle":"custom"
			}
        }
        ,{
            "path" : "pages/shopCoupon/shopCoupon",
            "style" : {
				"navigationStyle":"custom"
			}
        }
        ,{
            "path" : "pages/feedback/feedback",
            "style" : {
				"navigationStyle":"custom"
			}
        }
        ,{
            "path" : "pages/Leaving/Leaving",
            "style" : {
				"navigationStyle":"custom"
			}
        }
        ,{
            "path" : "pages/Receiving/Receiving",
            "style" : {
				"navigationStyle":"custom"
			}
        }
        ,{
            "path" : "pages/Newamendments/Newamendments",
            "style" : {
				"navigationStyle":"custom"
			}
        }
        ,{
            "path" : "pages/Collection/Collection",
            "style" : {
				"navigationStyle":"custom"
			}
        }
        ,{
            "path" : "pages/footprint/footprint",
            "style" : {
				"navigationStyle":"custom"
			}
        }
        ,{
            "path" : "pages/fullorder/fullorder",
            "style" : {
				"navigationStyle":"custom"
			}
        }
        ,{
            "path" : "pages/Replacement/Replacement",
            "style" : {
				"navigationStyle":"custom"
			}
        }
        ,{
            "path" : "pages/withdraw/withdraw",
            "style" : {
				"navigationStyle":"custom"
			}
        }
        ,{
            "path" : "pages/Orderdetails/Orderdetails",
            "style" : {
				"navigationStyle":"custom"
			}
        }
        ,{
            "path" : "pages/Logisticsdetails/Logisticsdetails",
            "style" : {
				"navigationStyle":"custom"
			}
        }
        ,{
            "path" : "pages/Takeawayevaluation/Takeawayevaluation",
            "style" : {
				"navigationStyle":"custom"
			}
        }
        ,{
            "path" : "pages/TakeawayComments/TakeawayComments",
            "style" : {
				"navigationStyle":"custom"
			}
        }
        ,{
            "path" : "pages/Boardlodging/Boardlodging",
            "style" : {
				"navigationStyle":"custom"
			}
        }
        ,{
            "path" : "pages/qualification/qualification",
            "style" : {
				"navigationStyle":"custom"
			}
        }
        ,{
            "path" : "pages/Recommend/Recommend",
            "style" : {
				"navigationStyle":"custom"
			}
        }
        ,{
            "path" : "pages/allcomment/allcomment",
            "style" : {
				"navigationStyle":"custom"
			}
        }
        ,{
            "path" : "pages/shopmenu/shopmenu",
            "style" : {
				"navigationStyle":"custom"
			}
        }
        ,{
            "path" : "pages/Takeoutfood/Takeoutfood",
            "style" : {
				"navigationStyle":"custom"
			}
        }
        ,{
            "path" : "pages/shopmenuxq/shopmenuxq",
            "style" : {
				"navigationStyle":"custom"
			}
        }
        ,{
            "path" : "pages/Takeawayorder/Takeawayorder",
            "style" : {
				"navigationStyle":"custom"
			}
        }
        ,{
            "path" : "pages/housing/housing",
            "style" : {
				"navigationStyle":"custom"
			}
        }
        ,{
            "path" : "pages/housingxq/housingxq",
            "style" : {
				"navigationStyle":"custom"
			}
        }
        ,{
            "path" : "pages/housingorder/housingorder",
            "style" : {
				"navigationStyle":"custom"
			}
        }
        ,{
            "path" : "pages/secondhandindex/secondhandindex",
            "style" : {
				"navigationStyle":"custom"
			}
        }
        ,{
            "path" : "pages/Releasesecond/Releasesecond",
            "style" : {
				"navigationStyle":"custom"
			}
        }
        ,{
            "path" : "pages/secondchat/secondchat",
            "style" : {
				"navigationStyle":"custom"
			}
        }
        ,{
            "path" : "pages/secondhanxq/secondhanxq",
            "style" : {
				"navigationStyle":"custom"
			}
        }
        ,{
            "path" : "pages/shopBusiness/shopBusiness",
            "style" : {
				"navigationStyle":"custom"
			}
        }
    ],
	"globalStyle": {
		"navigationBarTextStyle": "black",
		"navigationBarTitleText": "uni-app",
		"navigationBarBackgroundColor": "#F8F8F8",
		"backgroundColor": "#F8F8F8"
	},
	"tabBar": {
    "color": "#707070",
    "selectedColor": "#707070",
    "borderStyle": "black",
    "backgroundColor": "#ffffff",
    "list": [{
        "pagePath": "pages/shophome/shophome",
        "iconPath": "static/images/shopindex.png",
        "selectedIconPath": "static/images/shopindex1.png",
        "text": "首页"
    }, {
        "pagePath": "pages/shopclass/shopclass",
        "iconPath": "static/images/shopclass.png",
        "selectedIconPath": "static/images/shopclass1.png",
        "text": "分类"
    }, {
        "pagePath": "pages/shopchar/shopchar",
        "iconPath": "static/images/shopchar.png",
        "selectedIconPath": "static/images/shopchar1.png",
        "text": "购物车"
    }, {
        "pagePath": "pages/shopmain/shopmain",
        "iconPath": "static/images/shopmy.png",
        "selectedIconPath": "static/images/shopmy1.png",
        "text": "我的"
    }]
},
	"condition" : { //模式配置，仅开发期间生效
		"current": 0, //当前激活的模式(list 的索引项)
		"list": [
			{
				"name": "", //模式名称
				"path": "", //启动页面，必选
				"query": "" //启动参数，在页面的onLoad函数里面得到
			}
		]
	}
}
