{
	"pages": [ //pages数组中第一项表示应用启动页，参考：https://uniapp.dcloud.io/collocation/pages
		// {
		// 	"path": "pages/index/index",
		// 	"style": {
		// 		"navigationBarTitleText": "uni-app"
		// 	}
		// }
	 //    ,{
  //           "path" : "pages/ordermain/ordermain/ordermain",
  //           "style": {
  //           	"navigationBarTitleText": "uni-app"
  //           }
  //       },
        
        {
            "path" : "pages/home/home",
            "style" : {
				"navigationStyle":"custom"
			}
        }
        ,
		{
		    "path" : "pages/searchlist/searchlist",
		    "style" : {
				"navigationStyle":"custom"
			}
		}
		,{
            "path" : "pages/ordermains/ordermain",
            "style" : {
				"navigationStyle":"custom"}
        }
        
        ,{
            "path" : "pages/online/online",
            "style" : {"navigationStyle":"custom"}
        }
    ],
	"globalStyle": {
		"navigationBarTextStyle": "black",
		"navigationBarTitleText": "四川弘浩物流",
		"navigationBarBackgroundColor": "#F8F8F8",
		"backgroundColor": "#F8F8F8"
	}
}
